date,col_name,n_deployed,n_eligible,n_dropped,deployed,eligible,dropped,drop_reasons
2025-02-13,Bt_20250213_060000,7,7,0,CAKE|NFP|PEOPLE|RUNE|THE|UXLINK|ZEN,CAKE|NFP|PEOPLE|RUNE|THE|UXLINK|ZEN,,
2025-02-14,Bt_20250214_060000,6,6,0,ALPACA|FARTCOIN|HEI|POPCAT|SYN|VVV,ALPACA|FARTCOIN|HEI|POPCAT|SYN|VVV,,
2025-02-15,Bt_20250215_060000,5,5,0,CAKE|LISTA|RATS|SWELL|XMR,CAKE|LISTA|RATS|SWELL|XMR,,
2025-02-16,Bt_20250216_060000,8,8,0,ALCH|HEI|HIVE|LISTA|PIPPIN|TNSR|TROY|X,ALCH|HEI|HIVE|LISTA|PIPPIN|TNSR|TROY|X,,
2025-02-17,Bt_20250217_060000,10,10,0,ARK|ID|NULS|POWR|RATS|SONIC|STORJ|SXP|USTC|ZRX,ARK|ID|NULS|POWR|RATS|SONIC|STORJ|SXP|USTC|ZRX,,
2025-02-18,Bt_20250218_060000,8,8,0,ACH|CFX|IP|LISTA|QTUM|SHELL|STORJ|SXP,ACH|CFX|IP|LISTA|QTUM|SHELL|STORJ|SXP,,
2025-02-19,Bt_20250219_060000,9,9,0,ARK|BERA|GPS|IP|KOMA|LOKA|MKR|S|THE,ARK|BERA|GPS|IP|KOMA|LOKA|MKR|S|THE,,
2025-02-20,Bt_20250220_060000,7,7,0,ARC|BERA|BRETT|GPS|IP|RDNT|TAO,ARC|BERA|BRETT|GPS|IP|RDNT|TAO,,
2025-02-21,Bt_20250221_060000,9,9,0,ACE|ARKM|ASTR|BIGTIME|JTO|LISTA|LTC|ME|MOVR,ACE|ARKM|ASTR|BIGTIME|JTO|LISTA|LTC|ME|MOVR,,
2025-02-22,Bt_20250222_060000,8,8,0,AI16Z|ALCH|ARC|AVA|BAN|KAITO|RUNE|SEI,AI16Z|ALCH|ARC|AVA|BAN|KAITO|RUNE|SEI,,
2025-02-23,Bt_20250223_060000,6,6,0,ANIME|GLM|MKR|MOCA|PROM|VELODROME,ANIME|GLM|MKR|MOCA|PROM|VELODROME,,
2025-02-24,Bt_20250224_060000,7,7,0,AIXBT|ANIME|AUCTION|AVAAI|CATI|KAITO|RATS,AIXBT|ANIME|AUCTION|AVAAI|CATI|KAITO|RATS,,
2025-02-25,Bt_20250225_060000,4,4,0,ALCH|AUCTION|LAYER|REZ,ALCH|AUCTION|LAYER|REZ,,
2025-02-26,Bt_20250226_060000,7,6,1,ALCH|BSW|DEGO|G|LPT|MOVE|RUNE,ALCH|BSW|DEGO|LPT|MOVE|RUNE,G,too_young_-203d
2025-02-27,Bt_20250227_060000,3,3,0,AEVO|SAFE|SHELL,AEVO|SAFE|SHELL,,
2025-02-28,Bt_20250228_060000,2,2,0,CATI|CKB,CATI|CKB,,
2025-03-01,Bt_20250301_060000,3,3,0,ALGO|MELANIA|TRUMP,ALGO|MELANIA|TRUMP,,
2025-03-02,Bt_20250302_060000,3,3,0,HIVE|KAITO|LAYER,HIVE|KAITO|LAYER,,
2025-03-03,Bt_20250303_060000,3,3,0,AVAAI|BADGER|NEIROETH,AVAAI|BADGER|NEIROETH,,
2025-03-04,Bt_20250304_060000,4,4,0,GPS|SOLV|TRX|UXLINK,GPS|SOLV|TRX|UXLINK,,
2025-03-05,Bt_20250305_060000,4,4,0,ALCH|BCH|KAITO|LUMIA,ALCH|BCH|KAITO|LUMIA,,
2025-03-06,Bt_20250306_060000,7,7,0,AERO|DF|DOGE|ENA|LTC|MOVE|OP,AERO|DF|DOGE|ENA|LTC|MOVE|OP,,
2025-03-07,Bt_20250307_060000,4,4,0,AUCTION|REZ|SHELL|SOLV,AUCTION|REZ|SHELL|SOLV,,
2025-03-08,Bt_20250308_060000,3,3,0,PNUT|RED|SPX,PNUT|RED|SPX,,
2025-03-09,Bt_20250309_060000,4,4,0,B3|HIPPO|LQTY|VINE,B3|HIPPO|LQTY|VINE,,
2025-03-10,Bt_20250310_060000,4,4,0,CATI|ENA|IP|MYRO,CATI|ENA|IP|MYRO,,
2025-03-11,Bt_20250311_060000,6,6,0,AKT|B3|IOTX|LISTA|QUICK|RARE,AKT|B3|IOTX|LISTA|QUICK|RARE,,
2025-03-12,Bt_20250312_060000,9,9,0,AKT|ALPACA|ID|LAYER|MYRO|RONIN|VANRY|VVV|ZETA,AKT|ALPACA|ID|LAYER|MYRO|RONIN|VANRY|VVV|ZETA,,
2025-03-13,Bt_20250313_060000,8,8,0,AVAAI|GLM|HEI|KAITO|LAYER|RED|SOLV|TRUMP,AVAAI|GLM|HEI|KAITO|LAYER|RED|SOLV|TRUMP,,
2025-03-14,Bt_20250314_060000,7,7,0,FXS|HEI|PENGU|PEPE|S|TROY|TRUMP,FXS|HEI|PENGU|PEPE|S|TROY|TRUMP,,
2025-03-15,Bt_20250315_060000,9,9,0,ARC|AXL|CAKE|DRIFT|FXS|GMX|RED|TST|ZRO,ARC|AXL|CAKE|DRIFT|FXS|GMX|RED|TST|ZRO,,
2025-03-16,Bt_20250316_060000,6,6,0,BNX|FXS|METIS|SAGA|VVV|ZRO,BNX|FXS|METIS|SAGA|VVV|ZRO,,
2025-03-17,Bt_20250317_060000,10,10,0,BAKE|BERA|BSW|CAKE|DF|DRIFT|MOG|SAFE|SHELL|THE,BAKE|BERA|BSW|CAKE|DF|DRIFT|MOG|SAFE|SHELL|THE,,
2025-03-18,Bt_20250318_060000,8,8,0,AERGO|ARK|BIGTIME|BMT|KOMA|MUBARAK|UMA|UXLINK,AERGO|ARK|BIGTIME|BMT|KOMA|MUBARAK|UMA|UXLINK,,
2025-03-19,Bt_20250319_060000,8,8,0,API3|AVAAI|EOS|FLM|GMT|MKR|RED|SWELL,API3|AVAAI|EOS|FLM|GMT|MKR|RED|SWELL,,
2025-03-20,Bt_20250320_060000,5,5,0,BANANA|CAKE|FXS|VANA|VIDT,BANANA|CAKE|FXS|VANA|VIDT,,
2025-03-21,Bt_20250321_060000,9,9,0,ACH|DOGS|LISTA|ORCA|TUT|VANA|VELODROME|X|ZRO,ACH|DOGS|LISTA|ORCA|TUT|VANA|VELODROME|X|ZRO,,
2025-03-22,Bt_20250322_060000,7,6,1,ACX|ALT|DOGS|G|MOCA|PENDLE|ZETA,ACX|ALT|DOGS|MOCA|PENDLE|ZETA,G,too_young_-179d
2025-03-23,Bt_20250323_060000,5,5,0,CYBER|ILV|OMNI|PEPE|W,CYBER|ILV|OMNI|PEPE|W,,
2025-03-24,Bt_20250324_060000,6,6,0,AKT|ANKR|BR|BROCCOLI714|GRIFFAIN|ZETA,AKT|ANKR|BR|BROCCOLI714|GRIFFAIN|ZETA,,
2025-03-25,Bt_20250325_060000,9,9,0,ARK|BANANAS31|BEAMX|CAKE|HIVE|LAYER|POLYX|RED|SIREN,ARK|BANANAS31|BEAMX|CAKE|HIVE|LAYER|POLYX|RED|SIREN,,
2025-03-26,Bt_20250326_060000,6,5,1,BANANAS31|MEW|PARTI|SHIB|SUPER|WHY,BANANAS31|MEW|PARTI|SHIB|SUPER|WHY,WHY,no_parquet_data
2025-03-27,Bt_20250327_060000,10,10,0,CETUS|CRV|LINA|MKR|MUBARAK|ORCA|PARTI|SAFE|TUT|ZRO,CETUS|CRV|LINA|MKR|MUBARAK|ORCA|PARTI|SAFE|TUT|ZRO,,
2025-03-28,Bt_20250328_060000,4,4,0,API3|ORCA|PAXG|VIDT,API3|ORCA|PAXG|VIDT,,
2025-03-29,Bt_20250329_060000,8,8,0,AVAAI|GRASS|HIVE|HMSTR|SIREN|VELODROME|VIDT|VINE,AVAAI|GRASS|HIVE|HMSTR|SIREN|VELODROME|VIDT|VINE,,
2025-03-30,Bt_20250330_060000,5,5,0,ALPACA|DOGS|EOS|MEW|REZ,ALPACA|DOGS|EOS|MEW|REZ,,
2025-03-31,Bt_20250331_060000,5,5,0,ALPACA|BID|SAFE|VINE|X,ALPACA|BID|SAFE|VINE|X,,
2025-04-01,Bt_20250401_060000,6,6,0,AI16Z|AIXBT|BEL|EOS|REZ|VINE,AI16Z|AIXBT|BEL|EOS|REZ|VINE,,
2025-04-02,Bt_20250402_060000,5,5,0,DEGO|DEXE|EOS|KAVA|MEW,DEGO|DEXE|EOS|KAVA|MEW,,
2025-04-03,Bt_20250403_060000,8,8,0,BIGTIME|FUN|HMSTR|MAVIA|PLUME|QUICK|UXLINK|W,BIGTIME|FUN|HMSTR|MAVIA|PLUME|QUICK|UXLINK|W,,
2025-04-04,Bt_20250404_060000,6,6,0,ATOM|GRASS|KAITO|RARE|USUAL|ZRO,ATOM|GRASS|KAITO|RARE|USUAL|ZRO,,
2025-04-05,Bt_20250405_060000,6,6,0,BROCCOLI714|FUN|MLN|MUBARAK|PARTI|RSR,BROCCOLI714|FUN|MLN|MUBARAK|PARTI|RSR,,
2025-04-06,Bt_20250406_060000,10,10,0,ARK|ATH|AUCTION|EPIC|GUN|KMNO|MUBARAK|RARE|REZ|TUT,ARK|ATH|AUCTION|EPIC|GUN|KMNO|MUBARAK|RARE|REZ|TUT,,
2025-04-07,Bt_20250407_060000,3,3,0,BABY|BADGER|RARE,BABY|BADGER|RARE,,
2025-04-08,Bt_20250408_060000,4,4,0,ARK|GMX|HEI|HIFI,ARK|GMX|HEI|HIFI,,
2025-04-09,Bt_20250409_060000,4,4,0,GAS|ONG|QTUM|STEEM,GAS|ONG|QTUM|STEEM,,
2025-04-10,Bt_20250410_060000,8,8,0,GAS|MTL|ONG|POWR|STEEM|SUPER|TROY|WAL,GAS|MTL|ONG|POWR|STEEM|SUPER|TROY|WAL,,
2025-04-11,Bt_20250411_060000,8,8,0,AGLD|AUCTION|BAN|CRV|JASMY|ME|ORCA|SONIC,AGLD|AUCTION|BAN|CRV|JASMY|ME|ORCA|SONIC,,
2025-04-12,Bt_20250412_060000,5,5,0,AKT|BABY|ORCA|PROMPT|VIRTUAL,AKT|BABY|ORCA|PROMPT|VIRTUAL,,
2025-04-13,Bt_20250413_060000,6,6,0,BID|COW|FHE|FORTH|LISTA|STO,BID|COW|FHE|FORTH|LISTA|STO,,
2025-04-14,Bt_20250414_060000,6,6,0,AVAAI|MANA|ORCA|RAYSOL|STO|TUT,AVAAI|MANA|ORCA|RAYSOL|STO|TUT,,
2025-04-15,Bt_20250415_060000,6,6,0,ANIME|BEL|EDU|GAS|PERP|SIREN,ANIME|BEL|EDU|GAS|PERP|SIREN,,
2025-04-16,Bt_20250416_060000,11,11,0,ANIME|ARK|GAS|KERNEL|MUBARAK|POWR|PUMP|SHELL|SXP|TUT|WCT,ANIME|ARK|GAS|KERNEL|MUBARAK|POWR|PUMP|SHELL|SXP|TUT|WCT,,
2025-04-17,Bt_20250417_060000,5,5,0,AERGO|BSW|GUN|ID|RARE,AERGO|BSW|GUN|ID|RARE,,
2025-04-18,Bt_20250418_060000,9,8,1,AGLD|ANKR|BAN|BIO|G|T|UXLINK|WAXP|ZRX,AGLD|ANKR|BAN|BIO|T|UXLINK|WAXP|ZRX,G,too_young_-152d
2025-04-19,Bt_20250419_060000,10,10,0,ALPACA|BANK|DEGEN|GMT|HIGH|LUMIA|MBOX|TLM|VOXEL|WAXP,ALPACA|BANK|DEGEN|GMT|HIGH|LUMIA|MBOX|TLM|VOXEL|WAXP,,
2025-04-20,Bt_20250420_060000,7,7,0,ALPACA|BROCCOLI714|FLM|LEVER|MAGIC|NKN|PERP,ALPACA|BROCCOLI714|FLM|LEVER|MAGIC|NKN|PERP,,
2025-04-21,Bt_20250421_060000,8,8,0,BROCCOLI714|GUN|HIFI|MUBARAK|NEIROETH|SOLV|STX|XAI,BROCCOLI714|GUN|HIFI|MUBARAK|NEIROETH|SOLV|STX|XAI,,
2025-04-22,Bt_20250422_060000,8,8,0,EPT|FARTCOIN|KOMA|MAGIC|MUBARAK|SYN|TURBO|ZEREBRO,EPT|FARTCOIN|KOMA|MAGIC|MUBARAK|SYN|TURBO|ZEREBRO,,
2025-04-23,Bt_20250423_060000,6,6,0,BID|CETUS|DEEP|IMX|LUMIA|TURBO,BID|CETUS|DEEP|IMX|LUMIA|TURBO,,
2025-04-24,Bt_20250424_060000,9,9,0,ALPACA|B3|BSW|HIFI|KDA|NMR|PROMPT|SOLV|SYN,ALPACA|B3|BSW|HIFI|KDA|NMR|PROMPT|SOLV|SYN,,
2025-04-25,Bt_20250425_060000,11,11,0,ALPACA|EGLD|FLM|GTC|INIT|LEVER|MBOX|PENGU|RDNT|SLERF|T,ALPACA|EGLD|FLM|GTC|INIT|LEVER|MBOX|PENGU|RDNT|SLERF|T,,
2025-04-26,Bt_20250426_060000,4,4,0,LEVER|PONKE|SWELL|TRUMP,LEVER|PONKE|SWELL|TRUMP,,
2025-04-27,Bt_20250427_060000,5,5,0,DEEP|FLM|FXS|HYPER|STEEM,DEEP|FLM|FXS|HYPER|STEEM,,
2025-04-28,Bt_20250428_060000,5,5,0,CHILLGUY|KDA|PENGU|XMR|ZEC,CHILLGUY|KDA|PENGU|XMR|ZEC,,
2025-04-29,Bt_20250429_060000,10,10,0,AGLD|AI16Z|AKT|BR|COOKIE|FLUX|HIGH|ONE|REZ|SHELL,AGLD|AI16Z|AKT|BR|COOKIE|FLUX|HIGH|ONE|REZ|SHELL,,
2025-04-30,Bt_20250430_060000,8,8,0,BSW|CHESS|DRIFT|FIO|KMNO|PROMPT|SCR|VINE,BSW|CHESS|DRIFT|FIO|KMNO|PROMPT|SCR|VINE,,
2025-05-01,Bt_20250501_060000,8,8,0,AGLD|AIOT|AIXBT|AKT|ALPHA|SONIC|SWARMS|VIRTUAL,AGLD|AIOT|AIXBT|AKT|ALPHA|SONIC|SWARMS|VIRTUAL,,
2025-05-02,Bt_20250502_060000,12,12,0,AIOT|AR|CTK|HAEDAL|HIGH|IMX|MEW|PUNDIX|TURBO|USTC|VINE|XEC,AIOT|AR|CTK|HAEDAL|HIGH|IMX|MEW|PUNDIX|TURBO|USTC|VINE|XEC,,
2025-05-03,Bt_20250503_060000,9,9,0,AERGO|AIOT|AVA|B3|BR|BROCCOLI714|JELLYJELLY|KOMA|LISTA,AERGO|AIOT|AVA|B3|BR|BROCCOLI714|JELLYJELLY|KOMA|LISTA,,
2025-05-04,Bt_20250504_060000,5,5,0,BR|ENS|HIPPO|LAYER|SHIB,BR|ENS|HIPPO|LAYER|SHIB,,
2025-05-05,Bt_20250505_060000,3,3,0,DF|HAEDAL|PUNDIX,DF|HAEDAL|PUNDIX,,
2025-05-06,Bt_20250506_060000,6,6,0,HIGH|MEMEFI|MLN|SAFE|SONIC|TURBO,HIGH|MEMEFI|MLN|SAFE|SONIC|TURBO,,
2025-05-07,Bt_20250507_060000,5,4,1,AVA|BAN|CYBER|G|KAITO,AVA|BAN|CYBER|KAITO,G,too_young_-133d
2025-05-08,Bt_20250508_060000,6,6,0,ENA|EPT|ETHFI|MOG|MOODENG|SAFE,ENA|EPT|ETHFI|MOG|MOODENG|SAFE,,
2025-05-09,Bt_20250509_060000,4,4,0,BOME|IP|MOODENG|PNUT,BOME|IP|MOODENG|PNUT,,
2025-05-10,Bt_20250510_060000,9,9,0,ARC|AVA|BERA|C98|CAT|GRT|SPX|WIF|XAI,ARC|AVA|BERA|C98|CAT|GRT|SPX|WIF|XAI,,
2025-05-11,Bt_20250511_060000,10,10,0,ALPINE|ETHFI|ETHW|INIT|LQTY|METIS|PARTI|REZ|RPL|WCT,ALPINE|ETHFI|ETHW|INIT|LQTY|METIS|PARTI|REZ|RPL|WCT,,
2025-05-12,Bt_20250512_060000,7,7,0,ACT|BOME|CATI|MEW|PIPPIN|SLERF|WIF,ACT|BOME|CATI|MEW|PIPPIN|SLERF|WIF,,
2025-05-13,Bt_20250513_060000,7,7,0,BANK|EPT|FUN|KAITO|LUMIA|SXT|VELODROME,BANK|EPT|FUN|KAITO|LUMIA|SXT|VELODROME,,
2025-05-14,Bt_20250514_060000,6,6,0,AXS|BROCCOLIF3B|RAYSOL|SKYAI|WAL|WCT,AXS|BROCCOLIF3B|RAYSOL|SKYAI|WAL|WCT,,
2025-05-15,Bt_20250515_060000,4,4,0,ASR|ATH|EPIC|POLYX,ASR|ATH|EPIC|POLYX,,
2025-05-16,Bt_20250516_060000,3,3,0,AAVE|BROCCOLIF3B|SOLV,AAVE|BROCCOLIF3B|SOLV,,
2025-05-17,Bt_20250517_060000,5,5,0,DF|HEI|IOTX|PUNDIX|REI,DF|HEI|IOTX|PUNDIX|REI,,
2025-05-18,Bt_20250518_060000,6,6,0,CATI|DEGEN|FIDA|MOODENG|PEOPLE|PORTAL,CATI|DEGEN|FIDA|MOODENG|PEOPLE|PORTAL,,
2025-05-19,Bt_20250519_060000,4,4,0,EPIC|OG|SFP|SKYAI,EPIC|OG|SFP|SKYAI,,
2025-05-20,Bt_20250520_060000,11,11,0,AAVE|CRV|DEGEN|KMNO|LISTA|LQTY|MASK|PROMPT|REZ|SNX|TOKEN,AAVE|CRV|DEGEN|KMNO|LISTA|LQTY|MASK|PROMPT|REZ|SNX|TOKEN,,
2025-05-21,Bt_20250521_060000,6,6,0,CHILLGUY|COOKIE|KAITO|MELANIA|OM|PEPE,CHILLGUY|COOKIE|KAITO|MELANIA|OM|PEPE,,
2025-05-22,Bt_20250522_060000,10,10,0,ANIME|BABY|BANK|CGPT|FLUX|LISTA|SPX|STO|THE|XVS,ANIME|BABY|BANK|CGPT|FLUX|LISTA|SPX|STO|THE|XVS,,
2025-05-23,Bt_20250523_060000,8,8,0,B|KERNEL|MEW|NXPC|SAFE|SAGA|VIRTUAL|WIF,B|KERNEL|MEW|NXPC|SAFE|SAGA|VIRTUAL|WIF,,
2025-05-24,Bt_20250524_060000,7,7,0,AERGO|ASR|DOLO|FHE|KERNEL|MASK|STO,AERGO|ASR|DOLO|FHE|KERNEL|MASK|STO,,
2025-05-25,Bt_20250525_060000,7,7,0,AERGO|B|CVC|SAFE|TRB|VOXEL|WCT,AERGO|B|CVC|SAFE|TRB|VOXEL|WCT,,
2025-05-26,Bt_20250526_060000,9,9,0,AIXBT|AVAAI|B|COOKIE|JUP|LISTA|MANTA|VIRTUAL|XAI,AIXBT|AVAAI|B|COOKIE|JUP|LISTA|MANTA|VIRTUAL|XAI,,
2025-05-27,Bt_20250527_060000,8,8,0,BAKE|CAKE|CHESS|DODOX|DOLO|FLM|HAEDAL|LUMIA,BAKE|CAKE|CHESS|DODOX|DOLO|FLM|HAEDAL|LUMIA,,
2025-05-28,Bt_20250528_060000,8,8,0,B3|HIFI|ICX|MLN|QNT|SAFE|SPX|UNI,B3|HIFI|ICX|MLN|QNT|SAFE|SPX|UNI,,
2025-05-29,Bt_20250529_060000,8,8,0,BMT|COW|DRIFT|EIGEN|ENS|FIS|PEPE|WCT,BMT|COW|DRIFT|EIGEN|ENS|FIS|PEPE|WCT,,
2025-05-30,Bt_20250530_060000,9,9,0,A|DRIFT|FORTH|ICX|LDO|LPT|SAFE|TRB|VANA,A|DRIFT|FORTH|ICX|LDO|LPT|SAFE|TRB|VANA,,
2025-05-31,Bt_20250531_060000,8,8,0,ACT|ARPA|BANK|KAVA|PHA|REI|SOLV|WCT,ACT|ARPA|BANK|KAVA|PHA|REI|SOLV|WCT,,
2025-06-01,Bt_20250601_060000,11,11,0,DOLO|DOOD|FHE|LQTY|RATS|REI|SOLV|SOPH|TUT|UXLINK|ZEN,DOLO|DOOD|FHE|LQTY|RATS|REI|SOLV|SOPH|TUT|UXLINK|ZEN,,
2025-06-02,Bt_20250602_060000,8,8,0,AGT|AWE|BMT|HUMA|ICX|KAIA|SOON|UXLINK,AGT|AWE|BMT|HUMA|ICX|KAIA|SOON|UXLINK,,
2025-06-03,Bt_20250603_060000,6,6,0,BID|DOOD|HUMA|NEIROETH|RPL|SOPH,BID|DOOD|HUMA|NEIROETH|RPL|SOPH,,
2025-06-04,Bt_20250604_060000,12,12,0,AGLD|ANIME|BANK|BMT|BROCCOLIF3B|FARTCOIN|ICX|ME|MILK|OBOL|T|TRB,AGLD|ANIME|BANK|BMT|BROCCOLIF3B|FARTCOIN|ICX|ME|MILK|OBOL|T|TRB,,
2025-06-05,Bt_20250605_060000,3,3,0,AERGO|BROCCOLI714|CAKE,AERGO|BROCCOLI714|CAKE,,
2025-06-06,Bt_20250606_060000,5,5,0,BMT|COMP|EDU|FLOKI|LA,BMT|COMP|EDU|FLOKI|LA,,
2025-06-07,Bt_20250607_060000,3,3,0,MOODENG|PONKE|WIF,MOODENG|PONKE|WIF,,
2025-06-08,Bt_20250608_060000,4,4,0,ANIME|FUN|IOST|RVN,ANIME|FUN|IOST|RVN,,
2025-06-09,Bt_20250609_060000,9,9,0,ALPINE|ASR|B2|DIA|HFT|ICX|KAIA|RVN|VVV,ALPINE|ASR|B2|DIA|HFT|ICX|KAIA|RVN|VVV,,
2025-06-10,Bt_20250610_060000,6,6,0,AAVE|AXL|COMP|DOLO|EPT|UNI,AAVE|AXL|COMP|DOLO|EPT|UNI,,
2025-06-11,Bt_20250611_060000,8,8,0,A|AXS|CYBER|ENS|ICX|KAIA|KMNO|RPL,A|AXS|CYBER|ENS|ICX|KAIA|KMNO|RPL,,
2025-06-12,Bt_20250612_060000,7,6,1,AERGO|B3|BOB|HOME|QUICK|SQD|TAIKO,AERGO|B3|HOME|QUICK|SQD|TAIKO,BOB,too_young_-162d
2025-06-13,Bt_20250613_060000,11,11,0,ACT|DF|EPIC|FHE|IOTX|JELLYJELLY|NXPC|PAXG|RATS|TST|ZEREBRO,ACT|DF|EPIC|FHE|IOTX|JELLYJELLY|NXPC|PAXG|RATS|TST|ZEREBRO,,
2025-06-14,Bt_20250614_060000,8,7,1,ANIME|BAN|BMT|BOB|HOME|LUNC|RVN|SKATE,ANIME|BAN|BMT|HOME|LUNC|RVN|SKATE,BOB,too_young_-160d
2025-06-15,Bt_20250615_060000,7,7,0,AXL|BAN|BID|OBOL|RPL|RVN|T,AXL|BAN|BID|OBOL|RPL|RVN|T,,
2025-06-16,Bt_20250616_060000,5,5,0,AGT|BID|MOG|SPX|SYRUP,AGT|BID|MOG|SPX|SYRUP,,
2025-06-17,Bt_20250617_060000,8,8,0,BCH|BSV|CHESS|EPT|MAGIC|OBOL|SKYAI|UNI,BCH|BSV|CHESS|EPT|MAGIC|OBOL|SKYAI|UNI,,
2025-06-18,Bt_20250618_060000,6,6,0,ALT|CAT|HAEDAL|IO|KAIA|SOON,ALT|CAT|HAEDAL|IO|KAIA|SOON,,
2025-06-19,Bt_20250619_060000,5,5,0,AERO|BID|HUMA|RAYSOL|X,AERO|BID|HUMA|RAYSOL|X,,
2025-06-20,Bt_20250620_060000,10,10,0,AWE|CVC|MAGIC|MYX|QUICK|SEI|SOON|SWELL|SXP|T,AWE|CVC|MAGIC|MYX|QUICK|SEI|SOON|SWELL|SXP|T,,
2025-06-21,Bt_20250621_060000,8,8,0,AERGO|FUN|HIFI|LAYER|MAGIC|MAVIA|MUBARAK|SEI,AERGO|FUN|HIFI|LAYER|MAGIC|MAVIA|MUBARAK|SEI,,
2025-06-22,Bt_20250622_060000,7,7,0,BAN|BANANAS31|FUN|LAYER|MYX|SIGN|SKYAI,BAN|BANANAS31|FUN|LAYER|MYX|SIGN|SKYAI,,
2025-06-23,Bt_20250623_060000,4,4,0,BROCCOLI714|HAEDAL|IP|SPK,BROCCOLI714|HAEDAL|IP|SPK,,
2025-06-24,Bt_20250624_060000,9,9,0,AVAAI|GRIFFAIN|HIFI|KOMA|RSR|SEI|SNX|SPX|UXLINK,AVAAI|GRIFFAIN|HIFI|KOMA|RSR|SEI|SNX|SPX|UXLINK,,
2025-06-25,Bt_20250625_060000,4,4,0,BCH|BROCCOLI714|MUBARAK|SYRUP,BCH|BROCCOLI714|MUBARAK|SYRUP,,
2025-06-26,Bt_20250626_060000,8,8,0,AGT|BCH|CHESS|CTK|IOST|MOVE|MYX|W,AGT|BCH|CHESS|CTK|IOST|MOVE|MYX|W,,
2025-06-27,Bt_20250627_060000,8,8,0,APT|B2|BDXN|FIS|HIFI|LQTY|SKATE|XVG,APT|B2|BDXN|FIS|HIFI|LQTY|SKATE|XVG,,
2025-06-28,Bt_20250628_060000,7,7,0,DMC|F|JTO|LISTA|MELANIA|MYX|PENGU,DMC|F|JTO|LISTA|MELANIA|MYX|PENGU,,
2025-06-29,Bt_20250629_060000,7,7,0,B2|DMC|F|LPT|OGN|SAHARA|VINE,B2|DMC|F|LPT|OGN|SAHARA|VINE,,
2025-06-30,Bt_20250630_060000,7,7,0,BDXN|DMC|HFT|HYPE|PENGU|STO|SXT,BDXN|DMC|HFT|HYPE|PENGU|STO|SXT,,
2025-07-01,Bt_20250701_060000,3,3,0,BCH|LEVER|MAV,BCH|LEVER|MAV,,
2025-07-02,Bt_20250702_060000,6,6,0,DOOD|EPT|PENGU|PORTAL|SUPER|UNI,DOOD|EPT|PENGU|PORTAL|SUPER|UNI,,
2025-07-03,Bt_20250703_060000,5,5,0,BONK|CTK|MEW|MOODENG|RONIN,BONK|CTK|MEW|MOODENG|RONIN,,
2025-07-04,Bt_20250704_060000,8,7,1,ALPHA|BOB|BONK|BSW|FUN|SXP|TAIKO|UXLINK,ALPHA|BONK|BSW|FUN|SXP|TAIKO|UXLINK,BOB,too_young_-140d
2025-07-05,Bt_20250705_060000,10,8,2,AI16Z|BOB|BSW|DOOD|G|GUN|MYX|RED|SAFE|SIREN,AI16Z|BSW|DOOD|GUN|MYX|RED|SAFE|SIREN,BOB|G,too_young_-139d|too_young_-74d
2025-07-06,Bt_20250706_060000,6,5,1,BOB|BONK|MYX|SAHARA|SKATE|SOON,BONK|MYX|SAHARA|SKATE|SOON,BOB,too_young_-138d
2025-07-07,Bt_20250707_060000,3,3,0,AVAAI|BDXN|VIC,AVAAI|BDXN|VIC,,
2025-07-08,Bt_20250708_060000,10,9,1,ALPINE|BOB|BONK|CVC|DOLO|FIS|GLM|M|REI|VIC,ALPINE|BONK|CVC|DOLO|FIS|GLM|M|REI|VIC,BOB,too_young_-136d
2025-07-09,Bt_20250709_060000,7,7,0,ALPINE|CELO|M|MAVIA|MOG|MORPHO|RAYSOL,ALPINE|CELO|M|MAVIA|MOG|MORPHO|RAYSOL,,
2025-07-10,Bt_20250710_060000,7,7,0,BABY|GRIFFAIN|HOOK|HYPER|KERNEL|STO|TANSSI,BABY|GRIFFAIN|HOOK|HYPER|KERNEL|STO|TANSSI,,
2025-07-11,Bt_20250711_060000,9,9,0,ACE|ALT|CROSS|CYBER|DOLO|LISTA|OMNI|TANSSI|X,ACE|ALT|CROSS|CYBER|DOLO|LISTA|OMNI|TANSSI|X,,
2025-07-12,Bt_20250712_060000,9,9,0,AIOT|ARK|GAS|KNC|MYX|POLYX|POWR|PUNDIX|STORJ,AIOT|ARK|GAS|KNC|MYX|POLYX|POWR|PUNDIX|STORJ,,
2025-07-13,Bt_20250713_060000,8,8,0,AIN|AUCTION|HBAR|HOME|MOCA|ORCA|VOXEL|XLM,AIN|AUCTION|HBAR|HOME|MOCA|ORCA|VOXEL|XLM,,
2025-07-14,Bt_20250714_060000,7,7,0,AIXBT|BIO|CETUS|IP|MOODENG|TAO|TURBO,AIXBT|BIO|CETUS|IP|MOODENG|TAO|TURBO,,
2025-07-15,Bt_20250715_060000,9,9,0,BDXN|BONK|CROSS|DOOD|FIS|MERL|ORCA|STO|THE,BDXN|BONK|CROSS|DOOD|FIS|MERL|ORCA|STO|THE,,
2025-07-16,Bt_20250716_060000,8,8,0,C|COW|CYBER|ENS|PONKE|REZ|SWELL|TANSSI,C|COW|CYBER|ENS|PONKE|REZ|SWELL|TANSSI,,
2025-07-17,Bt_20250717_060000,8,8,0,CROSS|CRV|HAEDAL|IDOL|KERNEL|MEW|SAHARA|VELVET,CROSS|CRV|HAEDAL|IDOL|KERNEL|MEW|SAHARA|VELVET,,
2025-07-18,Bt_20250718_060000,7,7,0,B2|ETHW|NEIROETH|RPL|SUSHI|UNI|XVG,B2|ETHW|NEIROETH|RPL|SUSHI|UNI|XVG,,
2025-07-19,Bt_20250719_060000,7,6,1,AERGO|BANK|BOB|CHESS|DOGE|SUSHI|WIF,AERGO|BANK|CHESS|DOGE|SUSHI|WIF,BOB,too_young_-125d
2025-07-20,Bt_20250720_060000,5,5,0,ARK|CFX|ENA|GAS|XTZ,ARK|CFX|ENA|GAS|XTZ,,
2025-07-21,Bt_20250721_060000,10,10,0,BABY|BIGTIME|BLUR|DIA|DOOD|DRIFT|PENGU|PORT3|SPK|VANA,BABY|BIGTIME|BLUR|DIA|DOOD|DRIFT|PENGU|PORT3|SPK|VANA,,
2025-07-22,Bt_20250722_060000,6,6,0,ARC|DIA|FIDA|SWELL|UXLINK|XCN,ARC|DIA|FIDA|SWELL|UXLINK|XCN,,
2025-07-23,Bt_20250723_060000,11,11,0,AERGO|C|CAKE|DOLO|LISTA|MOG|PIPPIN|SQD|STO|SXT|VOXEL,AERGO|C|CAKE|DOLO|LISTA|MOG|PIPPIN|SQD|STO|SXT|VOXEL,,
2025-07-24,Bt_20250724_060000,8,8,0,BAN|ERA|HYPER|KERNEL|LISTA|MERL|NEWT|SOPH,BAN|ERA|HYPER|KERNEL|LISTA|MERL|NEWT|SOPH,,
2025-07-25,Bt_20250725_060000,6,6,0,AXL|CRV|HIFI|HYPER|OBOL|SYRUP,AXL|CRV|HIFI|HYPER|OBOL|SYRUP,,
2025-07-26,Bt_20250726_060000,9,9,0,CVX|HUMA|LUMIA|PERP|TAIKO|TON|TRU|USUAL|ZORA,CVX|HUMA|LUMIA|PERP|TAIKO|TON|TRU|USUAL|ZORA,,
2025-07-27,Bt_20250727_060000,5,5,0,ASR|DEGEN|FXS|IMX|OBOL,ASR|DEGEN|FXS|IMX|OBOL,,
2025-07-28,Bt_20250728_060000,6,6,0,BONK|KNC|MAV|MYX|OP|VIC,BONK|KNC|MAV|MYX|OP|VIC,,
2025-07-29,Bt_20250729_060000,7,7,0,ACH|BANANAS31|BIO|C|CAT|NEWT|TIA,ACH|BANANAS31|BIO|C|CAT|NEWT|TIA,,
2025-07-30,Bt_20250730_060000,7,7,0,CRV|IOTX|MAV|REZ|SWARMS|TAG|VIC,CRV|IOTX|MAV|REZ|SWARMS|TAG|VIC,,
2025-07-31,Bt_20250731_060000,6,6,0,CYBER|ENA|KERNEL|PUMP|SOPH|VINE,CYBER|ENA|KERNEL|PUMP|SOPH|VINE,,
2025-08-01,Bt_20250801_060000,5,5,0,CROSS|FHE|PLUME|PORT3|TAC,CROSS|FHE|PLUME|PORT3|TAC,,
2025-08-02,Bt_20250802_060000,5,5,0,A2Z|OG|PUMP|SWELL|TREE,A2Z|OG|PUMP|SWELL|TREE,,
2025-08-03,Bt_20250803_060000,6,6,0,A2Z|CKB|EPT|ESPORTS|SPK|USTC,A2Z|CKB|EPT|ESPORTS|SPK|USTC,,
2025-08-04,Bt_20250804_060000,7,7,0,ESPORTS|MAGIC|MOVR|MYX|SPK|TA|TAG,ESPORTS|MAGIC|MOVR|MYX|SPK|TA|TAG,,
2025-08-05,Bt_20250805_060000,8,8,0,ALICE|BICO|GAS|ILV|JOE|KERNEL|NEWT|ZRC,ALICE|BICO|GAS|ILV|JOE|KERNEL|NEWT|ZRC,,
2025-08-06,Bt_20250806_060000,8,8,0,AGT|BID|ILV|MILK|MYX|OM|PROVE|SOON,AGT|BID|ILV|MILK|MYX|OM|PROVE|SOON,,
2025-08-07,Bt_20250807_060000,11,11,0,BANK|ICNT|IDOL|LEVER|MEMEFI|OMNI|ORCA|PUMPBTC|REZ|STO|VELVET,BANK|ICNT|IDOL|LEVER|MEMEFI|OMNI|ORCA|PUMPBTC|REZ|STO|VELVET,,
2025-08-08,Bt_20250808_060000,10,9,1,DOLO|DRIFT|IP|OG|SIREN|TA|TAIKO|TREE|WHY|XLM,DOLO|DRIFT|IP|OG|SIREN|TA|TAIKO|TREE|WHY|XLM,WHY,no_parquet_data
2025-08-09,Bt_20250809_060000,8,8,0,ALPINE|COW|ETHFI|HEI|LINK|OG|SOON|VELODROME,ALPINE|COW|ETHFI|HEI|LINK|OG|SOON|VELODROME,,
2025-08-10,Bt_20250810_060000,7,7,0,AVAAI|BIO|ERA|METIS|OG|RAYSOL|RSR,AVAAI|BIO|ERA|METIS|OG|RAYSOL|RSR,,
2025-08-11,Bt_20250811_060000,11,11,0,ALGO|LQTY|MLN|NAORIS|PLAY|PUMP|PUMPBTC|SSV|STG|STX|ZORA,ALGO|LQTY|MLN|NAORIS|PLAY|PUMP|PUMPBTC|SSV|STG|STX|ZORA,,
2025-08-12,Bt_20250812_060000,5,5,0,ALPINE|CATI|ICNT|IN|PROM,ALPINE|CATI|ICNT|IN|PROM,,
2025-08-13,Bt_20250813_060000,5,5,0,BOME|KMNO|PEOPLE|TOWNS|YALA,BOME|KMNO|PEOPLE|TOWNS|YALA,,
2025-08-14,Bt_20250814_060000,10,10,0,ADA|AKT|CTK|KAIA|KMNO|RSR|SKL|SOL|SUN|WAL,ADA|AKT|CTK|KAIA|KMNO|RSR|SKL|SOL|SUN|WAL,,
2025-08-15,Bt_20250815_060000,5,5,0,AIOT|MEME|MYX|VVV|XNY,AIOT|MEME|MYX|VVV|XNY,,
2025-08-16,Bt_20250816_060000,8,8,0,BAT|LA|OL|RATS|TA|TAC|THE|USELESS,BAT|LA|OL|RATS|TA|TAC|THE|USELESS,,
2025-08-17,Bt_20250817_060000,9,9,0,ADA|AIOT|ALPHA|CYBER|LINK|LPT|S|TAIKO|ZORA,ADA|AIOT|ALPHA|CYBER|LINK|LPT|S|TAIKO|ZORA,,
2025-08-18,Bt_20250818_060000,5,5,0,B2|BROCCOLIF3B|RESOLV|SKATE|XMR,B2|BROCCOLIF3B|RESOLV|SKATE|XMR,,
2025-08-19,Bt_20250819_060000,7,7,0,AIOT|BIO|CARV|GLM|KERNEL|MYRO|VOXEL,AIOT|BIO|CARV|GLM|KERNEL|MYRO|VOXEL,,
2025-08-20,Bt_20250820_060000,6,6,0,BAND|GRASS|KERNEL|MEME|PHA|RARE,BAND|GRASS|KERNEL|MEME|PHA|RARE,,
2025-08-21,Bt_20250821_060000,10,10,0,API3|BAND|BIO|CAT|KOMA|MEME|MORPHO|NEO|QTUM|SAPIEN,API3|BAND|BIO|CAT|KOMA|MEME|MORPHO|NEO|QTUM|SAPIEN,,
2025-08-22,Bt_20250822_060000,6,6,0,AERO|BB|BIO|MORPHO|OMNI|RATS,AERO|BB|BIO|MORPHO|OMNI|RATS,,
2025-08-23,Bt_20250823_060000,7,7,0,BOME|DOGS|FHE|NEIROETH|PROMPT|QTUM|SOL,BOME|DOGS|FHE|NEIROETH|PROMPT|QTUM|SOL,,
2025-08-24,Bt_20250824_060000,9,9,0,BID|BSV|CTK|CUDIS|FHE|HAEDAL|PROMPT|SLERF|ZRO,BID|BSV|CTK|CUDIS|FHE|HAEDAL|PROMPT|SLERF|ZRO,,
2025-08-25,Bt_20250825_060000,9,9,0,BOME|FLM|IOST|NEO|ONG|ONT|PHB|QTUM|WLFI,BOME|FLM|IOST|NEO|ONG|ONT|PHB|QTUM|WLFI,,
2025-08-26,Bt_20250826_060000,6,6,0,EDU|HAEDAL|ID|MELANIA|OGN|PARTI,EDU|HAEDAL|ID|MELANIA|OGN|PARTI,,
2025-08-27,Bt_20250827_060000,8,8,0,BR|CKB|HYPE|MOVR|NMR|PHA|PORTAL|RED,BR|CKB|HYPE|MOVR|NMR|PHA|PORTAL|RED,,
2025-08-28,Bt_20250828_060000,6,6,0,GMT|IDOL|LPT|SOMI|TOWNS|TREE,GMT|IDOL|LPT|SOMI|TOWNS|TREE,,
2025-08-29,Bt_20250829_060000,7,7,0,AGLD|BIGTIME|MAV|ORCA|TA|UXLINK|W,AGLD|BIGTIME|MAV|ORCA|TA|UXLINK|W,,
2025-08-30,Bt_20250830_060000,8,8,0,A2Z|BDXN|CATI|CFX|HEMI|M|QTUM|RED,A2Z|BDXN|CATI|CFX|HEMI|M|QTUM|RED,,
2025-08-31,Bt_20250831_060000,10,10,0,AXS|BAS|DOLO|FLOW|POL|SKL|SOMI|WLFI|YALA|ZKJ,AXS|BAS|DOLO|FLOW|POL|SKL|SOMI|WLFI|YALA|ZKJ,,
2025-09-01,Bt_20250901_060000,5,5,0,IN|PAXG|WLFI|XNY|ZRX,IN|PAXG|WLFI|XNY|ZRX,,
2025-09-02,Bt_20250902_060000,5,5,0,AERGO|H|IDOL|M|SOMI,AERGO|H|IDOL|M|SOMI,,
2025-09-03,Bt_20250903_060000,7,7,0,HAEDAL|IDOL|IN|LEVER|Q|RLC|WAL,HAEDAL|IDOL|IN|LEVER|Q|RLC|WAL,,
2025-09-04,Bt_20250904_060000,6,6,0,IDOL|M|NEWT|PTB|SPK|TAKE,IDOL|M|NEWT|PTB|SPK|TAKE,,
2025-09-05,Bt_20250905_060000,8,8,0,GRIFFAIN|M|PIPPIN|PTB|RED|SOMI|SUPER|VELVET,GRIFFAIN|M|PIPPIN|PTB|RED|SOMI|SUPER|VELVET,,
2025-09-06,Bt_20250906_060000,6,6,0,AIOT|ARIA|BIO|LINEA|OMNI|SOMI,AIOT|ARIA|BIO|LINEA|OMNI|SOMI,,
2025-09-07,Bt_20250907_060000,7,7,0,AIXBT|C|SAPIEN|TA|USELESS|WLD|YALA,AIXBT|C|SAPIEN|TA|USELESS|WLD|YALA,,
2025-09-08,Bt_20250908_060000,7,7,0,ARKM|DAM|ENA|HYPE|OG|SPK|WLD,ARKM|DAM|ENA|HYPE|OG|SPK|WLD,,
2025-09-09,Bt_20250909_060000,8,8,0,AI|AIN|AIO|B2|BID|CGPT|KAITO|WLD,AI|AIN|AIO|B2|BID|CGPT|KAITO|WLD,,
2025-09-10,Bt_20250910_060000,7,7,0,FLM|HIFI|OMNI|OPEN|PTB|RATS|SATS,FLM|HIFI|OMNI|OPEN|PTB|RATS|SATS,,
2025-09-11,Bt_20250911_060000,9,9,0,AWE|BSW|CROSS|F|LINEA|NMR|PTB|SAPIEN|TAKE,AWE|BSW|CROSS|F|LINEA|NMR|PTB|SAPIEN|TAKE,,
2025-09-12,Bt_20250912_060000,8,8,0,ACE|ARIA|BTR|IDOL|M|OBOL|SOL|YGG,ACE|ARIA|BTR|IDOL|M|OBOL|SOL|YGG,,
2025-09-13,Bt_20250913_060000,9,9,0,BDXN|FHE|FIS|FLM|MOODENG|NXPC|SKATE|VOXEL|YGG,BDXN|FHE|FIS|FLM|MOODENG|NXPC|SKATE|VOXEL|YGG,,
2025-09-14,Bt_20250914_060000,6,6,0,AVNT|B2|OPEN|PUMP|PUMPBTC|ZORA,AVNT|B2|OPEN|PUMP|PUMPBTC|ZORA,,
2025-09-15,Bt_20250915_060000,7,7,0,AI|AVNT|BTR|KMNO|LINEA|TOWNS|XPIN,AI|AVNT|BTR|KMNO|LINEA|TOWNS|XPIN,,
2025-09-16,Bt_20250916_060000,9,9,0,AWE|FLOCK|HIFI|MERL|OMNI|SLERF|SOMI|TAKE|WLFI,AWE|FLOCK|HIFI|MERL|OMNI|SLERF|SOMI|TAKE|WLFI,,
2025-09-17,Bt_20250917_060000,9,9,0,ARIA|BROCCOLI714|DYM|HEMI|KAITO|LISTA|TA|THE|TST,ARIA|BROCCOLI714|DYM|HEMI|KAITO|LISTA|TA|THE|TST,,
2025-09-18,Bt_20250918_060000,7,7,0,AVNT|GMX|HIFI|IP|LINEA|NAORIS|REZ,AVNT|GMX|HIFI|IP|LINEA|NAORIS|REZ,,
2025-09-19,Bt_20250919_060000,7,7,0,BDXN|BEAMX|C98|DRIFT|IMX|MILK|PHA,BDXN|BEAMX|C98|DRIFT|IMX|MILK|PHA,,
2025-09-20,Bt_20250920_060000,9,9,0,BROCCOLIF3B|CAT|CTK|HIPPO|LISTA|MUBARAK|OBOL|STBL|SUN,BROCCOLIF3B|CAT|CTK|HIPPO|LISTA|MUBARAK|OBOL|STBL|SUN,,
2025-09-21,Bt_20250921_060000,15,15,0,AEVO|ASTER|AUCTION|AVNT|BARD|EDU|HEMI|ID|LINEA|MEME|OPEN|PERP|PUMP|PUMPBTC|WLFI,AEVO|ASTER|AUCTION|AVNT|BARD|EDU|HEMI|ID|LINEA|MEME|OPEN|PERP|PUMP|PUMPBTC|WLFI,,
2025-09-22,Bt_20250922_060000,5,5,0,G|ME|OMNI|STBL|SUN,G|ME|OMNI|STBL|SUN,,
2025-09-23,Bt_20250923_060000,6,6,0,AVAX|BARD|HUMA|JOE|ORDI|RATS,AVAX|BARD|HUMA|JOE|ORDI|RATS,,
2025-09-24,Bt_20250924_060000,7,7,0,DYDX|FLOCK|HEMI|LA|LINEA|TOSHI|UXLINK,DYDX|FLOCK|HEMI|LA|LINEA|TOSHI|UXLINK,,
2025-09-25,Bt_20250925_060000,7,7,0,ARC|ARIA|AWE|KAIA|SATS|SKATE|XPL,ARC|ARIA|AWE|KAIA|SATS|SKATE|XPL,,
2025-09-26,Bt_20250926_060000,4,4,0,KAS|SQD|STG|ZRO,KAS|SQD|STG|ZRO,,
2025-09-27,Bt_20250927_060000,5,5,0,ALPINE|DRIFT|GRASS|SNX|W,ALPINE|DRIFT|GRASS|SNX|W,,
2025-09-28,Bt_20250928_060000,8,8,0,AEVO|AIA|ARIA|BAKE|H|KAITO|PROVE|RLC,AEVO|AIA|ARIA|BAKE|H|KAITO|PROVE|RLC,,
2025-09-29,Bt_20250929_060000,6,6,0,AKE|COW|ORDER|ZEC|ZEN|ZKC,AKE|COW|ORDER|ZEC|ZEN|ZKC,,
2025-09-30,Bt_20250930_060000,5,5,0,ORDER|PUMPBTC|S|STRK|ZEN,ORDER|PUMPBTC|S|STRK|ZEN,,
2025-10-01,Bt_20251001_060000,10,9,1,BOB|G|HIFI|KMNO|Q|SOMI|SQD|VFY|ZEC|ZEN,G|HIFI|KMNO|Q|SOMI|SQD|VFY|ZEC|ZEN,BOB,too_young_-51d
2025-10-02,Bt_20251002_060000,9,9,0,C98|COAI|MOG|MOODENG|RED|USELESS|YGG|ZEC|ZEN,C98|COAI|MOG|MOODENG|RED|USELESS|YGG|ZEC|ZEN,,
2025-10-03,Bt_20251003_060000,6,6,0,G|HOLO|HOOK|LIGHT|VFY|XVS,G|HOLO|HOOK|LIGHT|VFY|XVS,,
2025-10-04,Bt_20251004_060000,9,9,0,ASTER|CAT|DOOD|FLOKI|IN|ORDER|SOMI|TRUTH|XPL,ASTER|CAT|DOOD|FLOKI|IN|ORDER|SOMI|TRUTH|XPL,,
2025-10-05,Bt_20251005_060000,5,5,0,CELO|COW|ICNT|KMNO|OPEN,CELO|COW|ICNT|KMNO|OPEN,,
2025-10-06,Bt_20251006_060000,8,8,0,ALICE|ARC|ASTR|AVAAI|COAI|CUDIS|FORM|TRUTH,ALICE|ARC|ASTR|AVAAI|COAI|CUDIS|FORM|TRUTH,,
2025-10-07,Bt_20251007_060000,6,6,0,API3|B2|OBOL|S|SOON|XPIN,API3|B2|OBOL|S|SOON|XPIN,,
2025-10-08,Bt_20251008_060000,9,8,1,BMT|CAT|FORM|MBOX|MUBARAK|QTUM|TOSHI|VVV|WHY,BMT|CAT|FORM|MBOX|MUBARAK|QTUM|TOSHI|VVV|WHY,WHY,no_parquet_data
2025-10-09,Bt_20251009_060000,7,7,0,ALCH|ALICE|BANK|COTI|MERL|STO|TAKE,ALCH|ALICE|BANK|COTI|MERL|STO|TAKE,,
2025-10-10,Bt_20251010_060000,6,6,0,DASH|DUSK|IN|LPT|SQD|SYS,DASH|DUSK|IN|LPT|SQD|SYS,,
2025-10-11,Bt_20251011_060000,6,6,0,FF|GIGGLE|HYPER|KGEN|MORPHO|ZEREBRO,FF|GIGGLE|HYPER|KGEN|MORPHO|ZEREBRO,,
2025-10-12,Bt_20251012_060000,9,9,0,AIA|GRIFFAIN|HOLO|IP|OPEN|PTB|RATS|RDNT|SKYAI,AIA|GRIFFAIN|HOLO|IP|OPEN|PTB|RATS|RDNT|SKYAI,,
2025-10-13,Bt_20251013_060000,5,5,0,BANANAS31|EDEN|SKYAI|TAG|TAKE,BANANAS31|EDEN|SKYAI|TAG|TAKE,,
2025-10-14,Bt_20251014_060000,6,6,0,ALICE|ARPA|COAI|D|PTB|TLM,ALICE|ARPA|COAI|D|PTB|TLM,,
2025-10-15,Bt_20251015_060000,9,9,0,DEGO|PIXEL|PLAY|TA|VFY|XNY|YGG|ZEN|ZORA,DEGO|PIXEL|PLAY|TA|VFY|XNY|YGG|ZEN|ZORA,,
2025-10-16,Bt_20251016_060000,6,6,0,CATI|EDU|EVAA|HOOK|USTC|XPIN,CATI|EDU|EVAA|HOOK|USTC|XPIN,,
2025-10-17,Bt_20251017_060000,8,8,0,AIO|DOOD|EDEN|ICNT|KGEN|RECALL|ZKC|ZORA,AIO|DOOD|EDEN|ICNT|KGEN|RECALL|ZKC|ZORA,,
2025-10-18,Bt_20251018_060000,7,6,1,BR|KOMA|LA|MILK|RECALL|SLERF|WHY,BR|KOMA|LA|MILK|RECALL|SLERF|WHY,WHY,no_parquet_data
2025-10-19,Bt_20251019_060000,7,7,0,KGEN|LAB|MIRA|MYX|RVV|XPIN|ZBT,KGEN|LAB|MIRA|MYX|RVV|XPIN|ZBT,,
2025-10-20,Bt_20251020_060000,6,6,0,AUCTION|BLESS|BTR|LA|SNX|STBL,AUCTION|BLESS|BTR|LA|SNX|STBL,,
2025-10-21,Bt_20251021_060000,6,6,0,EVAA|F|G|NOM|OPEN|RIVER,EVAA|F|G|NOM|OPEN|RIVER,,
2025-10-22,Bt_20251022_060000,5,5,0,BLESS|EVAA|HANA|LUNC|T,BLESS|EVAA|HANA|LUNC|T,,
2025-10-23,Bt_20251023_060000,10,10,0,BLUAI|DEGO|EPT|LYN|PLAY|RECALL|RIVER|SOPH|YB|ZKJ,BLUAI|DEGO|EPT|LYN|PLAY|RECALL|RIVER|SOPH|YB|ZKJ,,
2025-10-24,Bt_20251024_060000,8,8,0,APE|EPT|F|LAB|PORT3|PROVE|SHELL|TAC,APE|EPT|F|LAB|PORT3|PROVE|SHELL|TAC,,
2025-10-25,Bt_20251025_060000,8,8,0,DOOD|EDEN|ENSO|GIGGLE|OPEN|SOMI|TOSHI|ZKC,DOOD|EDEN|ENSO|GIGGLE|OPEN|SOMI|TOSHI|ZKC,,
2025-10-26,Bt_20251026_060000,10,10,0,AIXBT|AKT|ALICE|AVNT|BLUAI|NOM|RECALL|RVV|ZEC|ZRC,AIXBT|AKT|ALICE|AVNT|BLUAI|NOM|RECALL|RVV|ZEC|ZRC,,
2025-10-27,Bt_20251027_060000,7,7,0,AI16Z|AXL|BRETT|DIA|MAVIA|MYRO|VANA,AI16Z|AXL|BRETT|DIA|MAVIA|MYRO|VANA,,
2025-10-28,Bt_20251028_060000,4,4,0,BIGTIME|HBAR|PUFFER|RECALL,BIGTIME|HBAR|PUFFER|RECALL,,
2025-10-29,Bt_20251029_060000,8,8,0,AIOT|CLO|DOOD|FLM|HAEDAL|OL|TRUMP|YB,AIOT|CLO|DOOD|FLM|HAEDAL|OL|TRUMP|YB,,
2025-10-30,Bt_20251030_060000,5,5,0,AERO|FLM|MELANIA|MET|OG,AERO|FLM|MELANIA|MET|OG,,
2025-10-31,Bt_20251031_060000,8,8,0,HIPPO|KITE|PERP|PIPPIN|SWARMS|X|ZEC|ZEN,HIPPO|KITE|PERP|PIPPIN|SWARMS|X|ZEC|ZEN,,
2025-11-01,Bt_20251101_060000,11,11,0,AI16Z|AIXBT|CGPT|CHR|COOKIE|GRIFFAIN|KAITO|TAO|VFY|VIRTUAL|XVG,AI16Z|AIXBT|CGPT|CHR|COOKIE|GRIFFAIN|KAITO|TAO|VFY|VIRTUAL|XVG,,
2025-11-02,Bt_20251102_060000,8,8,0,AUCTION|CELO|COMMON|ICP|KSM|LPT|MINA|ZK,AUCTION|CELO|COMMON|ICP|KSM|LPT|MINA|ZK,,
2025-11-03,Bt_20251103_060000,4,4,0,ALT|ARC|G|YB,ALT|ARC|G|YB,,
2025-11-04,Bt_20251104_060000,7,7,0,BDXN|FHE|ICP|SCRT|XVG|ZEN|ZEREBRO,BDXN|FHE|ICP|SCRT|XVG|ZEN|ZEREBRO,,
2025-11-05,Bt_20251105_060000,7,7,0,AAVE|ASTER|GIGGLE|GRASS|KDA|RESOLV|USUAL,AAVE|ASTER|GIGGLE|GRASS|KDA|RESOLV|USUAL,,
2025-11-06,Bt_20251106_060000,5,5,0,LQTY|MINA|PROMPT|RESOLV|SAPIEN,LQTY|MINA|PROMPT|RESOLV|SAPIEN,,
2025-11-07,Bt_20251107_060000,8,7,1,BLESS|BOB|DUSK|FIL|METIS|TA|XVG|ZEC,BLESS|DUSK|FIL|METIS|TA|XVG|ZEC,BOB,too_young_-14d
2025-11-08,Bt_20251108_060000,9,9,0,DOT|FLUX|G|ICP|KSM|LINEA|MMT|ORDI|STABLE,DOT|FLUX|G|ICP|KSM|LINEA|MMT|ORDI|STABLE,,
2025-11-09,Bt_20251109_060000,5,5,0,AIA|G|KAVA|RESOLV|XMR,AIA|G|KAVA|RESOLV|XMR,,
2025-11-10,Bt_20251110_060000,5,5,0,KAVA|RESOLV|RVV|STRK|WLFI,KAVA|RESOLV|RVV|STRK|WLFI,,
2025-11-11,Bt_20251111_060000,8,8,0,AERO|AIA|ARK|ERA|LSK|MET|OG|PIPPIN,AERO|AIA|ARK|ERA|LSK|MET|OG|PIPPIN,,
2025-11-12,Bt_20251112_060000,6,6,0,JCT|LSK|POWR|PTB|SPELL|TAKE,JCT|LSK|POWR|PTB|SPELL|TAKE,,
2025-11-13,Bt_20251113_060000,7,7,0,EDU|ESPORTS|MANTA|PUFFER|SANTOS|TOSHI|ZORA,EDU|ESPORTS|MANTA|PUFFER|SANTOS|TOSHI|ZORA,,
2025-11-14,Bt_20251114_060000,5,5,0,BDXN|LSK|MTL|SKYAI|TAC,BDXN|LSK|MTL|SKYAI|TAC,,
2025-11-15,Bt_20251115_060000,8,8,0,CROSS|LA|MYX|SCRT|SKYAI|UAI|XVG|ZEN,CROSS|LA|MYX|SCRT|SKYAI|UAI|XVG|ZEN,,
2025-11-16,Bt_20251116_060000,7,7,0,HIPPO|LA|OGN|RESOLV|SQD|WCT|ZORA,HIPPO|LA|OGN|RESOLV|SQD|WCT|ZORA,,
2025-11-17,Bt_20251117_060000,8,8,0,ERA|FLUID|LISTA|MUBARAK|PROMPT|Q|THE|WCT,ERA|FLUID|LISTA|MUBARAK|PROMPT|Q|THE|WCT,,
2025-11-18,Bt_20251118_060000,6,6,0,BRETT|DUSK|FLM|MET|MOVE|RESOLV,BRETT|DUSK|FLM|MET|MOVE|RESOLV,,
2025-11-19,Bt_20251119_060000,4,4,0,APR|GLM|RESOLV|ZK,APR|GLM|RESOLV|ZK,,
2025-11-20,Bt_20251120_060000,8,8,0,CYBER|DOGS|FARTCOIN|GRASS|HFT|MANTA|VFY|ZORA,CYBER|DOGS|FARTCOIN|GRASS|HFT|MANTA|VFY|ZORA,,
2025-11-21,Bt_20251121_060000,10,10,0,ALT|CUDIS|ERA|GPS|HFT|LA|NMR|PIXEL|SENT|TURTLE,ALT|CUDIS|ERA|GPS|HFT|LA|NMR|PIXEL|SENT|TURTLE,,
2025-11-22,Bt_20251122_060000,5,5,0,FLOCK|FLUID|HOLO|LAYER|RECALL,FLOCK|FLUID|HOLO|LAYER|RECALL,,
2025-11-23,Bt_20251123_060000,7,7,0,DMC|GRIFFAIN|INCH|MON|PIPPIN|TOSHI|ZEC,DMC|GRIFFAIN|INCH|MON|PIPPIN|TOSHI|ZEC,,
2025-11-24,Bt_20251124_060000,4,4,0,HIPPO|PARTI|PIPPIN|TRADOOR,HIPPO|PARTI|PIPPIN|TRADOOR,,
2025-11-25,Bt_20251125_060000,5,5,0,ARC|HEMI|MON|PUFFER|YALA,ARC|HEMI|MON|PUFFER|YALA,,
2025-11-26,Bt_20251126_060000,7,7,0,CROSS|HANA|LAYER|MIRA|NAORIS|PLUME|TRADOOR,CROSS|HANA|LAYER|MIRA|NAORIS|PLUME|TRADOOR,,
2025-11-27,Bt_20251127_060000,7,7,0,ARIA|BTR|ESPORTS|ORCA|SQD|SUPER|YALA,ARIA|BTR|ESPORTS|ORCA|SQD|SUPER|YALA,,
2025-11-28,Bt_20251128_060000,3,3,0,PIPPIN|SAFE|SQD,PIPPIN|SAFE|SQD,,
2025-11-29,Bt_20251129_060000,7,7,0,ARK|FUN|IN|IOST|LSK|PIPPIN|SQD,ARK|FUN|IN|IOST|LSK|PIPPIN|SQD,,
2025-11-30,Bt_20251130_060000,11,11,0,AVAAI|AWE|DEEP|GLM|JCT|LQTY|LSK|MTL|PHA|PORTAL|QNT,AVAAI|AWE|DEEP|GLM|JCT|LQTY|LSK|MTL|PHA|PORTAL|QNT,,
2025-12-01,Bt_20251201_060000,2,2,0,TST|VFY,TST|VFY,,
2025-12-02,Bt_20251202_060000,2,2,0,BOB|TRUST,BOB|TRUST,,
2025-12-03,Bt_20251203_060000,7,7,0,ACT|B2|BOB|COTI|ORDER|SUI|TRADOOR,ACT|B2|BOB|COTI|ORDER|SUI|TRADOOR,,
2025-12-04,Bt_20251204_060000,7,7,0,FARTCOIN|IRYS|RECALL|RED|SXP|XPL|ZEC,FARTCOIN|IRYS|RECALL|RED|SXP|XPL|ZEC,,
2025-12-05,Bt_20251205_060000,12,12,0,BAT|EGLD|KAITO|LUNA2|LUNC|PUMPBTC|RIVER|SAPIEN|USTC|XNY|XVG|ZEC,BAT|EGLD|KAITO|LUNA2|LUNC|PUMPBTC|RIVER|SAPIEN|USTC|XNY|XVG|ZEC,,
2025-12-06,Bt_20251206_060000,9,9,0,ACE|GRIFFAIN|LUNA2|LUNC|OL|PIPPIN|PUFFER|THE|USTC,ACE|GRIFFAIN|LUNA2|LUNC|OL|PIPPIN|PUFFER|THE|USTC,,
2025-12-07,Bt_20251207_060000,9,9,0,BEAT|CHILLGUY|DOGS|DOOD|FHE|HEMI|MOODENG|NOT|RED,BEAT|CHILLGUY|DOGS|DOOD|FHE|HEMI|MOODENG|NOT|RED,,
2025-12-08,Bt_20251208_060000,6,6,0,FHE|FIS|LAB|REI|STABLE|SUPER,FHE|FIS|LAB|REI|STABLE|SUPER,,
2025-12-09,Bt_20251209_060000,6,6,0,BLUAI|CHZ|ENJ|FHE|FLUX|RDNT,BLUAI|CHZ|ENJ|FHE|FLUX|RDNT,,
2025-12-10,Bt_20251210_060000,6,6,0,AIOT|CROSS|FIS|G|PIPPIN|RIVER,AIOT|CROSS|FIS|G|PIPPIN|RIVER,,
2025-12-11,Bt_20251211_060000,1,1,0,YALA,YALA,,
2025-12-12,Bt_20251212_060000,6,6,0,BEAT|GUN|ICNT|JELLYJELLY|NIGHT|WET,BEAT|GUN|ICNT|JELLYJELLY|NIGHT|WET,,
2025-12-13,Bt_20251213_060000,6,6,0,AERGO|BEAT|LUNA2|ORDI|PIEVERSE|QTUM,AERGO|BEAT|LUNA2|ORDI|PIEVERSE|QTUM,,
2025-12-14,Bt_20251214_060000,5,5,0,AIN|AXL|PIPPIN|RONIN|SOMI,AIN|AXL|PIPPIN|RONIN|SOMI,,
2025-12-17,Bt_20251217_060000,3,3,0,BTR|EPIC|LIGHT,BTR|EPIC|LIGHT,,
2025-12-18,Bt_20251218_060000,7,7,0,AERGO|AIN|C|CARV|CYS|H|HMSTR,AERGO|AIN|C|CARV|CYS|H|HMSTR,,
2025-12-19,Bt_20251219_060000,8,8,0,CARV|CHZ|DEXE|ETHW|F|HOLO|OL|RESOLV,CARV|CHZ|DEXE|ETHW|F|HOLO|OL|RESOLV,,
2025-12-20,Bt_20251220_060000,9,9,0,ANIME|CHZ|LIGHT|NOM|PIPPIN|RLS|SOPH|TST|WET,ANIME|CHZ|LIGHT|NOM|PIPPIN|RLS|SOPH|TST|WET,,
2025-12-21,Bt_20251221_060000,6,6,0,CC|F|FOLKS|LAB|MIRA|VTHO,CC|F|FOLKS|LAB|MIRA|VTHO,,
2025-12-22,Bt_20251222_060000,7,7,0,ALPINE|BEAT|IOST|POLYX|RIVER|US|XPIN,ALPINE|BEAT|IOST|POLYX|RIVER|US|XPIN,,
2025-12-23,Bt_20251223_060000,6,6,0,COW|F|FXS|LUMIA|LYN|RAVE,COW|F|FXS|LUMIA|LYN|RAVE,,
2025-12-24,Bt_20251224_060000,10,10,0,AVNT|FLOCK|KERNEL|LAB|MOVE|NAORIS|PIPPIN|RARE|ZBT|ZKC,AVNT|FLOCK|KERNEL|LAB|MOVE|NAORIS|PIPPIN|RARE|ZBT|ZKC,,
2025-12-25,Bt_20251225_060000,8,8,0,AT|CLO|HIPPO|IR|LAYER|NOM|TRUTH|ZBT,AT|CLO|HIPPO|IR|LAYER|NOM|TRUTH|ZBT,,
2025-12-26,Bt_20251226_060000,9,9,0,AIXBT|BEAT|BIO|F|FXS|NOM|PLUME|YB|ZKP,AIXBT|BEAT|BIO|F|FXS|NOM|PLUME|YB|ZKP,,
2025-12-27,Bt_20251227_060000,7,7,0,AIOT|AXL|KAITO|LPT|POWER|RAVE|ZEC,AIOT|AXL|KAITO|LPT|POWER|RAVE|ZEC,,
2025-12-28,Bt_20251228_060000,5,5,0,GAS|HIVE|RVV|STEEM|T,GAS|HIVE|RVV|STEEM|T,,
2025-12-29,Bt_20251229_060000,4,4,0,AGT|ARIA|BEL|RAVE,AGT|ARIA|BEL|RAVE,,
2025-12-30,Bt_20251230_060000,7,7,0,ARIA|BEL|G|IRYS|POLYX|POWR|ZRX,ARIA|BEL|G|IRYS|POLYX|POWR|ZRX,,
2025-12-31,Bt_20251231_060000,5,5,0,AIXBT|CLO|IOST|POLYX|TST,AIXBT|CLO|IOST|POLYX|TST,,
2026-01-01,Bt_20260101_060000,7,7,0,AERGO|BAS|CLO|F|HOME|LIGHT|TLM,AERGO|BAS|CLO|F|HOME|LIGHT|TLM,,
2026-01-02,Bt_20260102_060000,8,8,0,CHILLGUY|COS|HOLO|IP|MOG|PEPE|PNUT|POPCAT,CHILLGUY|COS|HOLO|IP|MOG|PEPE|PNUT|POPCAT,,
2026-01-03,Bt_20260103_060000,6,6,0,B|KAITO|MOG|STX|USELESS|VIRTUAL,B|KAITO|MOG|STX|USELESS|VIRTUAL,,
2026-01-04,Bt_20260104_060000,7,7,0,BOME|BONK|COLLECT|DOGS|PROMPT|ROSE|SOPH,BOME|BONK|COLLECT|DOGS|PROMPT|ROSE|SOPH,,
2026-01-05,Bt_20260105_060000,11,11,0,AIXBT|BSV|COLLECT|COOKIE|FET|GRASS|MAVIA|ORCA|PIEVERSE|XEC|YALA,AIXBT|BSV|COLLECT|COOKIE|FET|GRASS|MAVIA|ORCA|PIEVERSE|XEC|YALA,,
2026-01-06,Bt_20260106_060000,9,9,0,BREV|CETUS|CLANKER|CLO|DUSK|PTB|QTUM|RENDER|WOO,BREV|CETUS|CLANKER|CLO|DUSK|PTB|QTUM|RENDER|WOO,,
2026-01-07,Bt_20260107_060000,6,6,0,ANIME|ARIA|AUCTION|BREV|FHE|RECALL,ANIME|ARIA|AUCTION|BREV|FHE|RECALL,,
2026-01-08,Bt_20260108_060000,7,7,0,COLLECT|CVC|G|IR|MAGMA|RAVE|SONIC,COLLECT|CVC|G|IR|MAGMA|RAVE|SONIC,,
2026-01-09,Bt_20260109_060000,6,6,0,DEEP|FORM|GMT|HAEDAL|MAGMA|TAIKO,DEEP|FORM|GMT|HAEDAL|MAGMA|TAIKO,,
2026-01-10,Bt_20260110_060000,10,10,0,AEVO|AVNT|COLLECT|CTK|GMT|POL|POLYX|T|US|ZAMA,AEVO|AVNT|COLLECT|CTK|GMT|POL|POLYX|T|US|ZAMA,,
2026-01-11,Bt_20260111_060000,7,7,0,AIO|AKT|CLO|HYPER|KAVA|NOM|SAHARA,AIO|AKT|CLO|HYPER|KAVA|NOM|SAHARA,,
2026-01-12,Bt_20260112_060000,4,4,0,AERO|IP|ZEC|ZIL,AERO|IP|ZEC|ZIL,,
2026-01-13,Bt_20260113_060000,8,8,0,CLO|DASH|DUSK|GLM|MELANIA|MTL|ROSE|VFY,CLO|DASH|DUSK|GLM|MELANIA|MTL|ROSE|VFY,,
2026-01-14,Bt_20260114_060000,6,6,0,AXS|BERA|BLUR|DRIFT|GUN|RONIN,AXS|BERA|BLUR|DRIFT|GUN|RONIN,,
2026-01-15,Bt_20260115_060000,8,8,0,ASR|DOLO|FHE|MOCA|MOVE|SAFE|YALA|ZEN,ASR|DOLO|FHE|MOCA|MOVE|SAFE|YALA|ZEN,,
2026-01-16,Bt_20260116_060000,10,10,0,BDXN|BLUAI|BTR|CLANKER|DASH|JCT|RIVER|XAI|XVG|ZEN,BDXN|BLUAI|BTR|CLANKER|DASH|JCT|RIVER|XAI|XVG|ZEN,,
2026-01-17,Bt_20260117_060000,0,0,0,,,,
2026-01-18,Bt_20260118_060000,6,6,0,AXS|BERA|HFT|IP|LAB|SAFE,AXS|BERA|HFT|IP|LAB|SAFE,,
2026-01-19,Bt_20260119_060000,5,5,0,BAN|RESOLV|ROSE|SCRT|XVG,BAN|RESOLV|ROSE|SCRT|XVG,,
2026-01-20,Bt_20260120_060000,5,5,0,AXS|COLLECT|MEME|RIVER|XNY,AXS|COLLECT|MEME|RIVER|XNY,,
2026-01-21,Bt_20260121_060000,6,6,0,AERGO|AVAAI|HANA|NAORIS|SXT|ZAMA,AERGO|AVAAI|HANA|NAORIS|SXT|ZAMA,,
2026-01-22,Bt_20260122_060000,6,6,0,IP|MANA|SAND|SENT|SLP|XNY,IP|MANA|SAND|SENT|SLP|XNY,,
2026-01-23,Bt_20260123_060000,8,8,0,ACU|AIA|ENSO|ESPORTS|F|IN|KAIA|SCRT,ACU|AIA|ENSO|ESPORTS|F|IN|KAIA|SCRT,,
2026-01-24,Bt_20260124_060000,8,8,0,ENSO|G|IP|KAIA|KERNEL|LPT|SOMI|TRUST,ENSO|G|IP|KAIA|KERNEL|LPT|SOMI|TRUST,,
2026-01-25,Bt_20260125_060000,11,11,0,ARPA|ENSO|ERA|FLUID|G|NOM|PLUME|ROSE|SUPER|WCT|ZKC,ARPA|ENSO|ERA|FLUID|G|NOM|PLUME|ROSE|SUPER|WCT|ZKC,,
2026-01-26,Bt_20260126_060000,6,6,0,BTR|LINEA|RESOLV|ROSE|SQD|ZETA,BTR|LINEA|RESOLV|ROSE|SQD|ZETA,,
2026-01-27,Bt_20260127_060000,8,8,0,AXL|BR|CLANKER|FIGHT|GAS|ONG|ONT|PROMPT,AXL|BR|CLANKER|FIGHT|GAS|ONG|ONT|PROMPT,,
2026-01-28,Bt_20260128_060000,6,6,0,FOGO|HYPE|PHA|PIPPIN|STG|ZRO,FOGO|HYPE|PHA|PIPPIN|STG|ZRO,,
2026-01-29,Bt_20260129_060000,4,4,0,BULLA|HOLO|STABLE|SYN,BULLA|HOLO|STABLE|SYN,,
2026-01-30,Bt_20260130_060000,7,7,0,BERA|BLUAI|CLANKER|G|IN|ROSE|RVV,BERA|BLUAI|CLANKER|G|IN|ROSE|RVV,,
2026-01-31,Bt_20260131_060000,5,5,0,AWE|CLANKER|INIT|MANTA|SYN,AWE|CLANKER|INIT|MANTA|SYN,,
2026-02-01,Bt_20260201_060000,11,11,0,BREV|BULLA|F|IN|SOPH|TREE|WET|ZBT|ZK|ZKP|ZORA,BREV|BULLA|F|IN|SOPH|TREE|WET|ZBT|ZK|ZKP|ZORA,,
2026-02-02,Bt_20260202_060000,2,2,0,F|MYX,F|MYX,,
2026-02-03,Bt_20260203_060000,7,7,0,AXL|CHESS|CYBER|CYS|DUSK|HYPE|ZIL,AXL|CHESS|CYBER|CYS|DUSK|HYPE|ZIL,,
2026-02-04,Bt_20260204_060000,6,6,0,ARC|COAI|G|GWEI|MEGA|SYN,ARC|COAI|G|GWEI|MEGA|SYN,,
2026-02-05,Bt_20260205_060000,4,4,0,AWE|FIGHT|ORDER|SSV,AWE|FIGHT|ORDER|SSV,,
2026-02-06,Bt_20260206_060000,3,3,0,BLUAI|MYX|SKR,BLUAI|MYX|SKR,,
2026-02-07,Bt_20260207_060000,8,8,0,FLOCK|IN|KERNEL|LA|NAORIS|NOM|TREE|YALA,FLOCK|IN|KERNEL|LA|NAORIS|NOM|TREE|YALA,,
2026-02-08,Bt_20260208_060000,9,9,0,ARK|CLANKER|CVC|DUSK|F|LSK|PTB|RESOLV|YALA,ARK|CLANKER|CVC|DUSK|F|LSK|PTB|RESOLV|YALA,,
2026-02-09,Bt_20260209_060000,6,6,0,AGT|AXS|FOLKS|ICNT|ICX|YALA,AGT|AXS|FOLKS|ICNT|ICX|YALA,,
2026-02-10,Bt_20260210_060000,7,7,0,FIGHT|KERNEL|OG|POWER|RIVER|SONIC|STG,FIGHT|KERNEL|OG|POWER|RIVER|SONIC|STG,,
2026-02-11,Bt_20260211_060000,7,7,0,KERNEL|MAGMA|MANTA|RIVER|SONIC|STG|ZRO,KERNEL|MAGMA|MANTA|RIVER|SONIC|STG|ZRO,,
2026-02-12,Bt_20260212_060000,12,12,0,CLO|G|GRASS|JCT|LINEA|ME|RIVER|SKR|SPACE|STBL|TAKE|TNSR,CLO|G|GRASS|JCT|LINEA|ME|RIVER|SKR|SPACE|STBL|TAKE|TNSR,,
2026-02-13,Bt_20260213_060000,6,6,0,AZTEC|DEEP|NAORIS|RLS|SAPIEN|ZKC,AZTEC|DEEP|NAORIS|RLS|SAPIEN|ZKC,,
2026-02-14,Bt_20260214_060000,5,5,0,COAI|NAORIS|S|SKL|SPACE,COAI|NAORIS|S|SKL|SPACE,,
2026-02-15,Bt_20260215_060000,5,5,0,COMP|FIGHT|SPACE|SPORTFUN|USELESS,COMP|FIGHT|SPACE|SPORTFUN|USELESS,,
2026-02-16,Bt_20260216_060000,0,0,0,,,,
2026-02-17,Bt_20260217_060000,5,5,0,NAORIS|ORCA|PROM|RAYSOL|STABLE,NAORIS|ORCA|PROM|RAYSOL|STABLE,,
2026-02-18,Bt_20260218_060000,8,8,0,AWE|CYBER|NAORIS|ONT|SONIC|STEEM|TAIKO|WLFI,AWE|CYBER|NAORIS|ONT|SONIC|STEEM|TAIKO|WLFI,,
2026-02-19,Bt_20260219_060000,2,2,0,INJ|PROM,INJ|PROM,,
2026-02-20,Bt_20260220_060000,4,4,0,AZTEC|ENSO|G|TLM,AZTEC|ENSO|G|TLM,,
2026-02-21,Bt_20260221_060000,9,9,0,ACU|AZTEC|CARV|ESP|G|GRT|IO|WOO|YGG,ACU|AZTEC|CARV|ESP|G|GRT|IO|WOO|YGG,,
2026-02-22,Bt_20260222_060000,7,7,0,AGT|ENSO|OL|OM|PLAY|SAPIEN|SIREN,AGT|ENSO|OL|OM|PLAY|SAPIEN|SIREN,,
2026-02-23,Bt_20260223_060000,7,7,0,BULLA|FLOCK|KOMA|LA|PROMPT|SPORTFUN|YGG,BULLA|FLOCK|KOMA|LA|PROMPT|SPORTFUN|YGG,,
2026-02-24,Bt_20260224_060000,7,7,0,DODOX|PUNDIX|SKR|SONIC|STEEM|SXT|ZAMA,DODOX|PUNDIX|SKR|SONIC|STEEM|SXT|ZAMA,,
2026-02-25,Bt_20260225_060000,8,8,0,DENT|HOLO|KSM|MIRA|PIEVERSE|RIVER|SIREN|VIRTUAL,DENT|HOLO|KSM|MIRA|PIEVERSE|RIVER|SIREN|VIRTUAL,,
2026-02-26,Bt_20260226_060000,8,8,0,DENT|GRIFFAIN|GWEI|KERNEL|SIREN|STBL|STEEM|WET,DENT|GRIFFAIN|GWEI|KERNEL|SIREN|STBL|STEEM|WET,,
2026-02-27,Bt_20260227_060000,8,8,0,FLOW|FOLKS|LUNA2|LUNC|OL|PHA|SPORTFUN|VVV,FLOW|FOLKS|LUNA2|LUNC|OL|PHA|SPORTFUN|VVV,,
2026-02-28,Bt_20260228_060000,9,9,0,ATH|BARD|HOLO|IOTX|RIVER|ROBO|SIGN|SOPH|WCT,ATH|BARD|HOLO|IOTX|RIVER|ROBO|SIGN|SOPH|WCT,,
2026-03-01,Bt_20260301_060000,6,6,0,CELO|DENT|JOE|MAGMA|STEEM|TAKE,CELO|DENT|JOE|MAGMA|STEEM|TAKE,,
2026-03-02,Bt_20260302_060000,7,7,0,AIXBT|BREV|KNC|MIRA|SANTOS|SIREN|WOO,AIXBT|BREV|KNC|MIRA|SANTOS|SIREN|WOO,,
2026-03-03,Bt_20260303_060000,5,5,0,AIXBT|ETHW|PHA|SAHARA|VIC,AIXBT|ETHW|PHA|SAHARA|VIC,,
2026-03-04,Bt_20260304_060000,7,7,0,COOKIE|FORM|KAVA|MAGMA|RATS|ROBO|TAG,COOKIE|FORM|KAVA|MAGMA|RATS|ROBO|TAG,,
2026-03-05,Bt_20260305_060000,7,7,0,AIOT|BREV|HUMA|IOTX|ONE|ROBO|SIGN,AIOT|BREV|HUMA|IOTX|ONE|ROBO|SIGN,,
2026-03-06,Bt_20260306_060000,12,12,0,ANKR|BICO|FHE|HUMA|INIT|JCT|JELLYJELLY|PLUME|SIGN|TRIA|UAI|ZORA,ANKR|BICO|FHE|HUMA|INIT|JCT|JELLYJELLY|PLUME|SIGN|TRIA|UAI|ZORA,,
2026-03-07,Bt_20260307_060000,7,7,0,AZTEC|BANANAS31|BROCCOLI714|HANA|KAVA|PTB|RESOLV,AZTEC|BANANAS31|BROCCOLI714|HANA|KAVA|PTB|RESOLV,,
2026-03-08,Bt_20260308_060000,7,7,0,AKT|DEGO|GRASS|OPN|POWR|SPACE|STEEM,AKT|DEGO|GRASS|OPN|POWR|SPACE|STEEM,,
2026-03-09,Bt_20260309_060000,7,7,0,AIXBT|ARIA|BOB|DEXE|KERNEL|SAHARA|TAO,AIXBT|ARIA|BOB|DEXE|KERNEL|SAHARA|TAO,,
2026-03-10,Bt_20260310_060000,8,8,0,AIN|DEXE|EDEN|FLOW|JELLYJELLY|RESOLV|SOON|SXT,AIN|DEXE|EDEN|FLOW|JELLYJELLY|RESOLV|SOON|SXT,,
2026-03-11,Bt_20260311_060000,10,10,0,HUMA|ICP|ICX|JOE|ONG|PIXEL|SLP|STORJ|US|VTHO,HUMA|ICP|ICX|JOE|ONG|PIXEL|SLP|STORJ|US|VTHO,,
2026-03-12,Bt_20260312_060000,8,8,0,AVNT|CYS|DEGO|GTC|KERNEL|MMT|OG|WCT,AVNT|CYS|DEGO|GTC|KERNEL|MMT|OG|WCT,,
2026-03-13,Bt_20260313_060000,4,4,0,APR|CFX|FET|KAT,APR|CFX|FET|KAT,,
2026-03-14,Bt_20260314_060000,8,8,0,APR|DOOD|FHE|IP|RIVER|STEEM|TRUMP|ZEN,APR|DOOD|FHE|IP|RIVER|STEEM|TRUMP|ZEN,,
2026-03-15,Bt_20260315_060000,8,8,0,ATH|C|COTI|EIGEN|MYX|S|XAN|ZEN,ATH|C|COTI|EIGEN|MYX|S|XAN|ZEN,,
2026-03-16,Bt_20260316_060000,5,5,0,ADA|B|G|PEPE|TUT,ADA|B|G|PEPE|TUT,,
2026-03-17,Bt_20260317_060000,7,7,0,ANIME|F|FLOCK|HYPER|SIREN|STBL|ZETA,ANIME|F|FLOCK|HYPER|SIREN|STBL|ZETA,,
2026-03-18,Bt_20260318_060000,5,5,0,ENJ|LIGHT|ORDER|SIREN|ZIL,ENJ|LIGHT|ORDER|SIREN|ZIL,,
2026-03-19,Bt_20260319_060000,5,5,0,AIA|ETHFI|OL|PUMPBTC|SAHARA,AIA|ETHFI|OL|PUMPBTC|SAHARA,,
